<?xml version="1.0" encoding="UTF-8"?>
<!DOCTYPE manifest PUBLIC "-//MECA//DTD Manifest v1.0//en" "MECA_manifest.dtd">
<manifest manifest-version="1" xmlns="https://manuscriptexchange.org/schema/manifest" xmlns:xlink="http://www.w3.org/1999/xlink">
  <item item-type="article-metadata">
    <instance media-type="text/xml" xlink:href="index.xml"/>
  </item>
  <item item-type="manuscript">
    <instance media-type="application/pdf" xlink:href="index.pdf"/>
  </item>
  <item item-type="manuscript">
    <instance media-type="application/vnd.openxmlformats-officedocument.wordprocessingml.document" xlink:href="index.docx"/>
  </item>
  <item item-type="manuscript">
    <instance media-type="text/plain" xlink:href="_tex\\index.tex"/>
  </item>
  <item item-type="manuscript-supporting-file">
    <instance media-type="image/png" xlink:href="index_files\\figure-jats\\fig-spatial-plot-output-1.png"/>
  </item>
  <item item-type="manuscript-supporting-file">
    <instance media-type="image/png" xlink:href="index_files\\figure-jats\\fig-timeline-1.png"/>
  </item>
  <item item-type="manuscript-supporting-file">
    <instance media-type="application/pdf" xlink:href="_tex\\index_files\\figure-pdf\\fig-timeline-1.pdf"/>
  </item>
  <item item-type="manuscript-supporting-file">
    <instance media-type="image/png" xlink:href="_tex\\Main_figures\\00_Figure1.png"/>
  </item>
  <item item-type="manuscript-supporting-file">
    <instance media-type="image/png" xlink:href="_tex\\Main_figures\\00_network_maps.tif.png"/>
  </item>
  <item item-type="manuscript-supporting-file">
    <instance media-type="image/png" xlink:href="_tex\\Main_figures\\00_network_fr.png"/>
  </item>
  <item item-type="manuscript-supporting-file">
    <instance media-type="image/png" xlink:href="_tex\\Sup_figures\\00_figure_data_pipeline.png"/>
  </item>
  <item item-type="manuscript-supporting-file">
    <instance media-type="image/png" xlink:href="_tex\\Sup_figures\\00_figure_data_metaweb_fit.png"/>
  </item>
  <item item-type="manuscript-supporting-file">
    <instance media-type="image/png" xlink:href="_tex\\Sup_figures\\00_Variable_importance.png"/>
  </item>
  <item item-type="manuscript-supporting-file">
    <instance media-type="image/png" xlink:href="_tex\\Sup_figures\\Trait_associations.png"/>
  </item>
  <item item-type="manuscript-supporting-file">
    <instance media-type="image/png" xlink:href="_tex\\Sup_figures\\00_palm_trait_decomposition.png"/>
  </item>
  <item item-type="manuscript-supporting-file">
    <instance media-type="image/png" xlink:href="_tex\\Sup_figures\\00_climate_effects.png"/>
  </item>
  <item item-type="manuscript-supporting-file">
    <instance media-type="image/png" xlink:href="_tex\\Sup_figures\\00_simulations_estimates.png"/>
  </item>
  <item item-type="manuscript-supporting-file">
    <instance media-type="application/octet-stream" xlink:href="_tex\\agujournal2019.cls"/>
  </item>
  <item item-type="manuscript-supporting-file">
    <instance media-type="application/octet-stream" xlink:href="_tex\\references.bib"/>
  </item>
  <item item-type="manuscript-supporting-file">
    <instance media-type="image/png" xlink:href="Main_figures\\00_Figure1.png"/>
  </item>
  <item item-type="manuscript-supporting-file">
    <instance media-type="image/png" xlink:href="Main_figures\\00_network_maps.tif.png"/>
  </item>
  <item item-type="manuscript-supporting-file">
    <instance media-type="image/png" xlink:href="Main_figures\\00_network_fr.png"/>
  </item>
  <item item-type="manuscript-supporting-file">
    <instance media-type="image/png" xlink:href="Sup_figures\\00_figure_data_pipeline.png"/>
  </item>
  <item item-type="manuscript-supporting-file">
    <instance media-type="image/png" xlink:href="Sup_figures\\00_figure_data_metaweb_fit.png"/>
  </item>
  <item item-type="manuscript-supporting-file">
    <instance media-type="image/png" xlink:href="Sup_figures\\00_Variable_importance.png"/>
  </item>
  <item item-type="manuscript-supporting-file">
    <instance media-type="image/png" xlink:href="Sup_figures\\Trait_associations.png"/>
  </item>
  <item item-type="manuscript-supporting-file">
    <instance media-type="image/png" xlink:href="Sup_figures\\00_palm_trait_decomposition.png"/>
  </item>
  <item item-type="manuscript-supporting-file">
    <instance media-type="image/png" xlink:href="Sup_figures\\00_climate_effects.png"/>
  </item>
  <item item-type="manuscript-supporting-file">
    <instance media-type="image/png" xlink:href="Sup_figures\\00_simulations_estimates.png"/>
  </item>
  <item item-type="manuscript-supporting-file">
    <instance media-type="application/octet-stream" xlink:href="notebooks\\00_data_import.qmd"/>
  </item>
  <item item-type="manuscript-supporting-file">
    <instance media-type="application/octet-stream" xlink:href="notebooks\\01_downscalling_networks.qmd"/>
  </item>
  <item item-type="manuscript-supporting-file">
    <instance media-type="application/octet-stream" xlink:href="notebooks\\02_Compute_FTA.qmd"/>
  </item>
  <item item-type="manuscript-supporting-file">
    <instance media-type="application/octet-stream" xlink:href="notebooks\\03_Model_FTA_climate.qmd"/>
  </item>
  <item item-type="manuscript-supporting-file">
    <instance media-type="application/octet-stream" xlink:href="notebooks\\04_FTA_H2_model.qmd"/>
  </item>
  <item item-type="manuscript-supporting-file">
    <instance media-type="application/octet-stream" xlink:href="index.qmd"/>
  </item>
  <item item-type="article-source">
    <instance media-type="application/octet-stream" xlink:href="source\\.github\\workflows\\publish.yml"/>
  </item>
  <item item-type="article-source">
    <instance media-type="application/octet-stream" xlink:href="source\\.gitignore"/>
  </item>
  <item item-type="article-source">
    <instance media-type="image/png" xlink:href="source\\Main_figures\\00_Figure1.png"/>
  </item>
  <item item-type="article-source">
    <instance media-type="image/png" xlink:href="source\\Main_figures\\00_network_fr.png"/>
  </item>
  <item item-type="article-source">
    <instance media-type="application/octet-stream" xlink:href="source\\Main_figures\\00_network_maps.tif"/>
  </item>
  <item item-type="article-source">
    <instance media-type="image/png" xlink:href="source\\Main_figures\\00_network_maps.tif.png"/>
  </item>
  <item item-type="article-source">
    <instance media-type="text/markdown" xlink:href="source\\README.md"/>
  </item>
  <item item-type="article-source">
    <instance media-type="application/octet-stream" xlink:href="source\\Sup_figures\\00_Variable_importance.tiff"/>
  </item>
  <item item-type="article-source">
    <instance media-type="image/png" xlink:href="source\\Sup_figures\\00_climate_effects.png"/>
  </item>
  <item item-type="article-source">
    <instance media-type="image/png" xlink:href="source\\Sup_figures\\00_figure_data_imbalance.png"/>
  </item>
  <item item-type="article-source">
    <instance media-type="image/png" xlink:href="source\\Sup_figures\\00_figure_data_metaweb_fit.png"/>
  </item>
  <item item-type="article-source">
    <instance media-type="image/png" xlink:href="source\\Sup_figures\\00_figure_data_pipeline.png"/>
  </item>
  <item item-type="article-source">
    <instance media-type="application/octet-stream" xlink:href="source\\Sup_figures\\00_mammal_trait_decomposition.tiff"/>
  </item>
  <item item-type="article-source">
    <instance media-type="image/png" xlink:href="source\\Sup_figures\\00_network_maps.png"/>
  </item>
  <item item-type="article-source">
    <instance media-type="image/png" xlink:href="source\\Sup_figures\\00_palm_trait_decomposition.png"/>
  </item>
  <item item-type="article-source">
    <instance media-type="application/octet-stream" xlink:href="source\\Sup_figures\\00_palm_trait_decomposition.tiff"/>
  </item>
  <item item-type="article-source">
    <instance media-type="image/png" xlink:href="source\\Sup_figures\\00_simulations_estimates.png"/>
  </item>
  <item item-type="article-source">
    <instance media-type="application/octet-stream" xlink:href="source\\Sup_figures\\00_trait_mammal.tif"/>
  </item>
  <item item-type="article-source">
    <instance media-type="application/octet-stream" xlink:href="source\\Sup_figures\\00_trait_palm.tif"/>
  </item>
  <item item-type="article-source">
    <instance media-type="application/octet-stream" xlink:href="source\\Sup_figures\\00_variable_importance"/>
  </item>
  <item item-type="article-source">
    <instance media-type="image/png" xlink:href="source\\Sup_figures\\00_variable_importance.png"/>
  </item>
  <item item-type="article-source">
    <instance media-type="image/png" xlink:href="source\\Sup_figures\\Trait_associations.png"/>
  </item>
  <item item-type="article-source">
    <instance media-type="application/octet-stream" xlink:href="source\\Sup_figures\\Trait_associations.tiff"/>
  </item>
  <item item-type="article-source">
    <instance media-type="application/octet-stream" xlink:href="source\\_extensions\\quarto-journals\\agu\\_extension.yml"/>
  </item>
  <item item-type="article-source">
    <instance media-type="application/octet-stream" xlink:href="source\\_extensions\\quarto-journals\\agu\\agu.lua"/>
  </item>
  <item item-type="article-source">
    <instance media-type="application/octet-stream" xlink:href="source\\_extensions\\quarto-journals\\agu\\agujournal2019.cls"/>
  </item>
  <item item-type="article-source">
    <instance media-type="application/octet-stream" xlink:href="source\\_extensions\\quarto-journals\\agu\\american-geophysical-union.csl"/>
  </item>
  <item item-type="article-source">
    <instance media-type="text/plain" xlink:href="source\\_extensions\\quarto-journals\\agu\\partials\\_affiliations.tex"/>
  </item>
  <item item-type="article-source">
    <instance media-type="text/plain" xlink:href="source\\_extensions\\quarto-journals\\agu\\partials\\_authors.tex"/>
  </item>
  <item item-type="article-source">
    <instance media-type="text/plain" xlink:href="source\\_extensions\\quarto-journals\\agu\\partials\\_corresponding-author.tex"/>
  </item>
  <item item-type="article-source">
    <instance media-type="text/plain" xlink:href="source\\_extensions\\quarto-journals\\agu\\partials\\before-body.tex"/>
  </item>
  <item item-type="article-source">
    <instance media-type="text/plain" xlink:href="source\\_extensions\\quarto-journals\\agu\\partials\\title.tex"/>
  </item>
  <item item-type="article-source">
    <instance media-type="application/octet-stream" xlink:href="source\\_extensions\\quarto-journals\\agu\\trackchanges.sty"/>
  </item>
  <item item-type="article-source">
    <instance media-type="application/json" xlink:href="source\\_freeze\\index\\execute-results\\docx.json"/>
  </item>
  <item item-type="article-source">
    <instance media-type="application/json" xlink:href="source\\_freeze\\index\\execute-results\\html.json"/>
  </item>
  <item item-type="article-source">
    <instance media-type="application/json" xlink:href="source\\_freeze\\index\\execute-results\\tex.json"/>
  </item>
  <item item-type="article-source">
    <instance media-type="application/json" xlink:href="source\\_freeze\\index\\execute-results\\xml.json"/>
  </item>
  <item item-type="article-source">
    <instance media-type="image/png" xlink:href="source\\_freeze\\index\\figure-docx\\fig-spatial-plot-output-1.png"/>
  </item>
  <item item-type="article-source">
    <instance media-type="image/png" xlink:href="source\\_freeze\\index\\figure-docx\\fig-timeline-1.png"/>
  </item>
  <item item-type="article-source">
    <instance media-type="image/png" xlink:href="source\\_freeze\\index\\figure-html\\fig-spatial-plot-output-1.png"/>
  </item>
  <item item-type="article-source">
    <instance media-type="image/png" xlink:href="source\\_freeze\\index\\figure-html\\fig-timeline-1.png"/>
  </item>
  <item item-type="article-source">
    <instance media-type="image/png" xlink:href="source\\_freeze\\index\\figure-ipynb\\fig-spatial-plot-output-1.png"/>
  </item>
  <item item-type="article-source">
    <instance media-type="image/png" xlink:href="source\\_freeze\\index\\figure-ipynb\\notebooks-explore-earthquakes-fig-spatial-plot-output-1.png"/>
  </item>
  <item item-type="article-source">
    <instance media-type="image/png" xlink:href="source\\_freeze\\index\\figure-jats\\fig-spatial-plot-output-1.png"/>
  </item>
  <item item-type="article-source">
    <instance media-type="image/png" xlink:href="source\\_freeze\\index\\figure-jats\\fig-timeline-1.png"/>
  </item>
  <item item-type="article-source">
    <instance media-type="application/pdf" xlink:href="source\\_freeze\\index\\figure-pdf\\fig-timeline-1.pdf"/>
  </item>
  <item item-type="article-source">
    <instance media-type="application/json" xlink:href="source\\_freeze\\notebooks\\00_data_import\\execute-results\\html.json"/>
  </item>
  <item item-type="article-source">
    <instance media-type="application/json" xlink:href="source\\_freeze\\notebooks\\01_downscalling_networks\\execute-results\\html.json"/>
  </item>
  <item item-type="article-source">
    <instance media-type="application/json" xlink:href="source\\_freeze\\notebooks\\02_Compute_FTA\\execute-results\\html.json"/>
  </item>
  <item item-type="article-source">
    <instance media-type="application/json" xlink:href="source\\_freeze\\notebooks\\03_Model_FTA_climate\\execute-results\\html.json"/>
  </item>
  <item item-type="article-source">
    <instance media-type="application/json" xlink:href="source\\_freeze\\notebooks\\04_FTA_H2_model\\execute-results\\html.json"/>
  </item>
  <item item-type="article-source">
    <instance media-type="application/json" xlink:href="source\\_freeze\\notebooks\\explore-earthquakes\\execute-results\\html.json"/>
  </item>
  <item item-type="article-source">
    <instance media-type="application/json" xlink:href="source\\_freeze\\notebooks\\explore-earthquakes\\execute-results\\ipynb.json"/>
  </item>
  <item item-type="article-source">
    <instance media-type="application/json" xlink:href="source\\_freeze\\notebooks\\explore-earthquakes\\execute-results\\xml.json"/>
  </item>
  <item item-type="article-source">
    <instance media-type="image/png" xlink:href="source\\_freeze\\notebooks\\explore-earthquakes\\figure-html\\fig-spatial-plot-1.png"/>
  </item>
  <item item-type="article-source">
    <instance media-type="image/png" xlink:href="source\\_freeze\\notebooks\\explore-earthquakes\\figure-ipynb\\fig-spatial-plot-1.png"/>
  </item>
  <item item-type="article-source">
    <instance media-type="image/png" xlink:href="source\\_freeze\\notebooks\\explore-earthquakes\\figure-jats\\fig-spatial-plot-1.png"/>
  </item>
  <item item-type="article-source">
    <instance media-type="text/css" xlink:href="source\\_freeze\\site_libs\\bootstrap\\bootstrap-icons.css"/>
  </item>
  <item item-type="article-source">
    <instance media-type="application/font-woff" xlink:href="source\\_freeze\\site_libs\\bootstrap\\bootstrap-icons.woff"/>
  </item>
  <item item-type="article-source">
    <instance media-type="text/css" xlink:href="source\\_freeze\\site_libs\\bootstrap\\bootstrap.min.css"/>
  </item>
  <item item-type="article-source">
    <instance media-type="application/javascript" xlink:href="source\\_freeze\\site_libs\\bootstrap\\bootstrap.min.js"/>
  </item>
  <item item-type="article-source">
    <instance media-type="application/javascript" xlink:href="source\\_freeze\\site_libs\\clipboard\\clipboard.min.js"/>
  </item>
  <item item-type="article-source">
    <instance media-type="application/javascript" xlink:href="source\\_freeze\\site_libs\\manuscript-notebook\\headroom.min.js"/>
  </item>
  <item item-type="article-source">
    <instance media-type="text/css" xlink:href="source\\_freeze\\site_libs\\quarto-contrib\\glightbox\\glightbox.min.css"/>
  </item>
  <item item-type="article-source">
    <instance media-type="application/javascript" xlink:href="source\\_freeze\\site_libs\\quarto-contrib\\glightbox\\glightbox.min.js"/>
  </item>
  <item item-type="article-source">
    <instance media-type="text/css" xlink:href="source\\_freeze\\site_libs\\quarto-contrib\\glightbox\\lightbox.css"/>
  </item>
  <item item-type="article-source">
    <instance media-type="application/javascript" xlink:href="source\\_freeze\\site_libs\\quarto-html\\anchor.min.js"/>
  </item>
  <item item-type="article-source">
    <instance media-type="application/javascript" xlink:href="source\\_freeze\\site_libs\\quarto-html\\popper.min.js"/>
  </item>
  <item item-type="article-source">
    <instance media-type="text/css" xlink:href="source\\_freeze\\site_libs\\quarto-html\\quarto-syntax-highlighting.css"/>
  </item>
  <item item-type="article-source">
    <instance media-type="application/javascript" xlink:href="source\\_freeze\\site_libs\\quarto-html\\quarto.js"/>
  </item>
  <item item-type="article-source">
    <instance media-type="text/css" xlink:href="source\\_freeze\\site_libs\\quarto-html\\tippy.css"/>
  </item>
  <item item-type="article-source">
    <instance media-type="application/javascript" xlink:href="source\\_freeze\\site_libs\\quarto-html\\tippy.umd.min.js"/>
  </item>
  <item item-type="article-source">
    <instance media-type="application/octet-stream" xlink:href="source\\_quarto.yml"/>
  </item>
  <item item-type="article-source">
    <instance media-type="application/octet-stream" xlink:href="source\\bibliography.bib"/>
  </item>
  <item item-type="article-source">
    <instance media-type="image/png" xlink:href="source\\images\\la-palma-map.png"/>
  </item>
  <item item-type="article-source">
    <instance media-type="application/octet-stream" xlink:href="source\\index.qmd"/>
  </item>
  <item item-type="article-source">
    <instance media-type="image/png" xlink:href="source\\index_files\\figure-html\\fig-spatial-plot-output-1.png"/>
  </item>
  <item item-type="article-source">
    <instance media-type="image/png" xlink:href="source\\index_files\\figure-html\\fig-timeline-1.png"/>
  </item>
  <item item-type="article-source">
    <instance media-type="image/png" xlink:href="source\\index_files\\figure-ipynb\\fig-spatial-plot-output-1.png"/>
  </item>
  <item item-type="article-source">
    <instance media-type="image/png" xlink:href="source\\index_files\\figure-ipynb\\notebooks-explore-earthquakes-fig-spatial-plot-output-1.png"/>
  </item>
  <item item-type="article-source">
    <instance media-type="application/octet-stream" xlink:href="source\\manuscript-template-rstudio.Rproj"/>
  </item>
  <item item-type="article-source">
    <instance media-type="application/octet-stream" xlink:href="source\\notebooks\\00_data_import.qmd"/>
  </item>
  <item item-type="article-source">
    <instance media-type="application/octet-stream" xlink:href="source\\notebooks\\01_downscalling_networks.qmd"/>
  </item>
  <item item-type="article-source">
    <instance media-type="application/octet-stream" xlink:href="source\\notebooks\\02_Compute_FTA.qmd"/>
  </item>
  <item item-type="article-source">
    <instance media-type="application/octet-stream" xlink:href="source\\notebooks\\03_Model_FTA_climate.qmd"/>
  </item>
  <item item-type="article-source">
    <instance media-type="application/octet-stream" xlink:href="source\\notebooks\\04_FTA_H2_model.qmd"/>
  </item>
  <item item-type="article-source">
    <instance media-type="application/octet-stream" xlink:href="source\\references.bib"/>
  </item>
  <item item-type="article-source-directory">
    <instance media-type="application/x-directory" xlink:href="source"/>
  </item>
</manifest>